,0,1,2,3
0,"39 Jeffton Crescent, Toronto, ON•Woburn","$2,300",3 bed,•1 bath
1,"31 Sharbot Avenue, Toronto, ON•Woburn","$2,500",3 bed,•2 bath
2,"23 Sierra Drive, Toronto, ON•Dorset Park","$3,100",4+2 bed,•4 bath
3,"BSMT-42 Altamond Road, Toronto, ON•Newtonbrook West","$2,500",2 bed,•1 bath
4,"BSMT-281 Betty Ann Drive, Toronto, ON•Willowdale West","$1,590",2 bed,•1 bath
5,"BAMNT-115 Lilian Drive, Toronto, ON•Wexford-Maryvale","$1,450",3 bed,•1 bath
6,"428 Millwood Road, Toronto, ON•Mount Pleasant East","$2,455,000",3+1 bed,•5 bath
7,"740 Meadowvale Road, Toronto, ON•Highland Creek","$2,700",3+1 bed,•3 bath
8,"27 Mansion Avenue, Toronto, ON•Oakridge","$2,500",2+1 bed,•2 bath
9,"LOWER-445 Ontario Street, Toronto, ON•Moss Park","$2,150",1 bed,•1 bath
10,"20 Munro Boulevard, Toronto, ON•St. Andrew-Windfields","$4,500",4 bed,•4 bath
11,"57 Oakworth Crescent, Toronto, ON•Ionview","$2,700",3+1 bed,•2 bath
12,"241 Mckee Avenue, Toronto, ON•Willowdale East","$6,800",5 bed,•5 bath
13,"216 William Street, Toronto, ON•Weston","$1,850",2 bed,•1 bath
14,"152 Aileen Avenue, Toronto, ON•Keelesdale-Eglinton West","$2,300",2 bed,•1 bath
15,"LOWER-50 Euclid Avenue, Toronto, ON•Trinity-Bellwoods","$2,100",1 bed,•1 bath
16,"6 Woodmere Court, Toronto, ON•Edenbridge-Humber Valley","$7,950",4+1 bed,•4 bath
17,"UPPER-42 Moore Park Avenue, Toronto, ON•Newtonbrook West","$1,250",1 bed,•1 bath
18,"310 Aylesworth Avenue, Toronto, ON•Birchcliffe-Cliffside","$3,100",4 bed,•4 bath
19,"68 Placentia Boulevard, Toronto, ON•Agincourt North","$2,950",4+1 bed,•3 bath
20,"201-1530 King Street, Toronto, ON•South Parkdale","$2,400",2 bed,•1 bath
21,"2-230 South Kingsway Avenue, Toronto, ON•High Park-Swansea","$2,950",2 bed,•1 bath
22,"84 Aylesworth Avenue, Toronto, ON•Birchcliffe-Cliffside","$3,950",4 bed,•5 bath
23,"50 Euclid Avenue, Toronto, ON•Trinity-Bellwoods","$4,100",2 bed,•2 bath
24,"485 Spadina Road, Toronto, ON•Forest Hill South","$6,500",3+1 bed,•5 bath
25,"MAIN LV-82 Faye Drive, Toronto, ON•Pleasant View","$2,000",1 bed,•2 bath
26,"50 Wharnsby Drive, Toronto, ON•Rouge E11","$1,600",1 bed,•1 bath
27,"BASEMEN-120 Nortonville Drive, Toronto, ON•Tam O'Shanter-Sullivan","$1,550",2 bed,•1 bath
28,"LOWER-154 Wallace Avenue, Toronto, ON•Dovercourt-Wallace Emerson-Junction","$1,300",2 bed,•1 bath
29,"MAIN-74 Constance Street, Toronto, ON•High Park-Swansea","$2,500",1 bed,•2 bath
30,"MAIN-142 Combe Avenue, Toronto, ON•Bathurst Manor","$4,800",3+1 bed,•2 bath
31,"-MAIN-984 Kennedy Road, Toronto, ON•Ionview","$2,000",3 bed,•1 bath
32,"379 Glengrove Avenue, Toronto, ON•Lawrence Park South","$6,900",5+2 bed,•5 bath
33,"505 Dawes Road, Toronto, ON•O'Connor-Parkview","$2,250",2 bed,•1 bath
34,"364 Lawrence Avenue, Toronto, ON•Bedford Park-Nortown","$3,998",2+1 bed,•3 bath
35,"21 Burncrest Drive, Toronto, ON•Bedford Park-Nortown","$2,500",2 bed,•1 bath
36,"456 Glengarry Avenue, Toronto, ON•Bedford Park-Nortown","$1,750",2 bed,•1 bath
37,"163 Queenslea Avenue, Toronto, ON•Humberlea-Pelmo Park W4","$1,500",1 bed,•1 bath
38,"734 Willard Avenue, Toronto, ON•Runnymede-Bloor West Village","$1,099,990",3 bed,•3 bath
39,"(MAIN)-129 Westbourne Avenue, Toronto, ON•Clairlea-Birchmount","$2,300",3 bed,•1 bath
40,"18 Haymarket (bsmt) Road, Toronto, ON•Downsview-Roding-CFB","$1,800",3 bed,•1 bath
41,"18 Haymarket (main) Road, Toronto, ON•Downsview-Roding-CFB","$2,300",3 bed,•1 bath
42,"5 Bluebell Gate, Toronto, ON•Maple Leaf","$2,750",3 bed,•2 bath
43,"62 Patricia Avenue, Toronto, ON•Newtonbrook West","$1,200",1 bed,•1 bath
44,"BSMT-33 Bald Eagle Avenue, Toronto, ON•Rouge E11","$1,400",2 bed,•1 bath
45,"LOWER-46 Bretton Court, Toronto, ON•Milliken","$1,800",3 bed,•1 bath
46,"80 Broadlands Boulevard, Toronto, ON•Parkwoods-Donalda","$3,300",3 bed,•2 bath
47,"UPPER-46 Bretton Court, Toronto, ON•Milliken","$2,100",3 bed,•1 bath
48,"115 Lowcrest Boulevard, Toronto, ON•Tam O'Shanter-Sullivan","$2,499",3 bed,•2 bath
49,"UPPER-89 Tiago Avenue, Toronto, ON•O'Connor-Parkview","$2,700",4 bed,•2 bath
50,"1ST/2ND-1329 Woodbine Avenue, Toronto, ON•Danforth Village-East York","$3,500",3 bed,•2 bath
51,"BSMT-1329 Woodbine Avenue, Toronto, ON•Danforth Village-East York","$1,600",1 bed,•1 bath
52,"MAIN-54 Stadacona Drive, Toronto, ON•Clanton Park","$1,975",2 bed,•1 bath
53,"4-231 Carlton Street, Toronto, ON•Moss Park","$2,000",1 bed,•1 bath
54,"268 Joicey Boulevard, Toronto, ON•Bedford Park-Nortown","$7,900",4+1 bed,•6 bath
55,"310 Hidden Trail, Toronto, ON•Westminster-Branson","$4,600",4+1 bed,•4 bath
56,"BSMT-40 Stansbury Crescent, Toronto, ON•Bendale","$1,600",2 bed,•1 bath
57,"130 Roselawn Avenue, Toronto, ON•Yonge-Eglinton","$4,500",4 bed,•2 bath
58,"MAIN-26 Galloway Road, Toronto, ON•Guildwood","$2,380",3 bed,•1 bath
59,"BSMT-45 Nelson Street, Toronto, ON•Woburn","$1,750",2 bed,•1 bath
60,"165 Spalding Road, Toronto, ON•Downsview-Roding-CFB","$2,300",4 bed,•2 bath
61,"93 Kersdale Road, Toronto, ON•Keelesdale-Eglinton West","$1,800",2 bed,•1 bath
62,"86 Ravenbury Road, Toronto, ON•Don Valley Village","$2,650",3+1 bed,•2 bath
63,"31 Morton Road, Toronto, ON•East End-Danforth","$2,950",3 bed,•2 bath
64,"134 Laurelcrest Avenue, Toronto, ON•Clanton Park","$3,300",3 bed,•2 bath
65,"2ND FL-426 Kingston Road, Toronto, ON•The Beaches","$1,695",1 bed,•1 bath
66,"6 Bankfield Drive, Toronto, ON•Thistletown-Beaumonde Heights","$2,250",3 bed,•1 bath
67,"4 Freeman Street, Toronto, ON•Birchcliffe-Cliffside","$3,499",2+1 bed,•2 bath
68,"UPPER-429 Grace Street, Toronto, ON•Annex","$2,290",2 bed,•1 bath
69,"199 Norton Avenue, Toronto, ON•Willowdale East","$8,000",4+1 bed,•7 bath
70,"15 Kathrose Drive, Toronto, ON•Pleasant View","$3,800",5 bed,•4 bath
71,"MAIN FL-516 Beresford Avenue, Toronto, ON•Runnymede-Bloor West Village","$2,800",2+1 bed,•1 bath
72,"130 Maclean Avenue, Toronto, ON•The Beaches","$6,500",3+1 bed,•4 bath
73,"6 Silvergrove Road, Toronto, ON•St. Andrew-Windfields","$4,000",3+2 bed,•4 bath
74,"56 Arkley Crescent, Toronto, ON•Willowridge-Martingrove-Richview","$2,200",3 bed,•1 bath
75,"195 Moore Park Avenue, Toronto, ON•Newtonbrook West","$2,000",2 bed,•1 bath
76,"4 Cherryhill Avenue, Toronto, ON•Centennial Scarborough","$3,000",4 bed,•2 bath
77,"BSMT-5 Midcroft Drive, Toronto, ON•Agincourt South-Malvern West","$1,400",2 bed,•1 bath
78,"557 Brimley Road, Toronto, ON•Eglinton East","$1,550",2 bed,•1 bath
79,"30 Maida Vale Avenue, Toronto, ON•Ionview","$1,250",2 bed,•1 bath
80,"139 Underhill Drive, Toronto, ON•Parkwoods-Donalda","$3,800",4+1 bed,•3 bath
81,"124 Confederation Drive, Toronto, ON•Woburn","$2,400",3 bed,•1 bath
82,"146 Bowie Avenue, Toronto, ON•Briar Hill-Belgravia","$3,000",2+1 bed,•2 bath
83,"85 Albertus Avenue, Toronto, ON•Lawrence Park South","$3,500",3 bed,•2 bath
84,"BSMT-49 Graylee Avenue, Toronto, ON•Eglinton East","$1,550",2 bed,•1 bath
85,"2130 Sheppard Avenue, Toronto, ON•Glenfield-Jane Heights","$3,700",3+1 bed,•3 bath
86,"6 Olsen Drive, Toronto, ON•Parkwoods-Donalda","$3,890",3+2 bed,•4 bath
87,"130 Westbourne Avenue, Toronto, ON•Clairlea-Birchmount","$3,000",4 bed,•2 bath
88,"266 Upper Highland Crescent, Toronto, ON•St. Andrew-Windfields","$4,200",4 bed,•2 bath
89,"29 Vessel Crescent, Toronto, ON•West Hill","$2,900",4+1 bed,•4 bath
90,"34 Foxwarren Drive, Toronto, ON•Bayview Village","$3,650",3+2 bed,•3 bath
91,"428 Staines Road, Toronto, ON•Rouge E11","$2,600",4 bed,•3 bath
92,"LOWER-31 Cotton Avenue, Toronto, ON•Clairlea-Birchmount","$2,250",2 bed,•2 bath
93,"MAIN-31 Cotton Avenue, Toronto, ON•Clairlea-Birchmount","$2,300",2 bed,•1 bath
94,"MAIN-9 Valerie Road, Toronto, ON•Dorset Park","$2,100",2 bed,•1 bath
95,"15 Glanvil Crescent, Toronto, ON•Malvern","$1,300",1 bed,•1 bath
96,"17 Laurelcrest Avenue, Toronto, ON•Clanton Park","$3,100",3+1 bed,•2 bath
97,"62 Alicewood (upper) Court, Toronto, ON•West Humber-Clairville","$2,300",3 bed,•2 bath
98,"(MAIN)-6 Highwood Avenue, Toronto, ON•Wexford-Maryvale","$2,350",3 bed,•1 bath
99,"141 Fairholme Avenue, Toronto, ON•Englemount-Lawrence","$4,600",3+3 bed,•3 bath
100,"MAIN/2-66 North Woodrow Boulevard, Toronto, ON•Clairlea-Birchmount","$3,600",4 bed,•4 bath
101,"LOWER-782 Cummer Avenue, Toronto, ON•Bayview Woods-Steeles","$1,950",1 bed,•1 bath
102,"MAIN-977 Dupont Street, Toronto, ON•Dovercourt-Wallace Emerson-Junction","$2,195",1 bed,•1 bath
103,"753 Richmond Street, Toronto, ON•Niagara","$3,600",2+1 bed,•2 bath
104,"42 Romney Road, Toronto, ON•Lansing-Westgate","$6,250",4+1 bed,•6 bath
105,"MAIN-405 Bedford Park Avenue, Toronto, ON•Bedford Park-Nortown","$4,200",3 bed,•3 bath
106,"UPPER-44 Wilson Park Road, Toronto, ON•Roncesvalles","$2,200",2 bed,•1 bath
107,"MAIN-44 Wilson Park Road, Toronto, ON•Roncesvalles","$3,200",3 bed,•1 bath
108,"43 Don Valley Drive, Toronto, ON•Broadview North","$1,899",2 bed,•1 bath
109,"MASTER-71 Snowy Owl Way, Toronto, ON•Rouge E11",$800,1 bed,•1 bath
110,"306 Cook Road, Toronto, ON•York University Heights",$650,1 bed,•1 bath
111,"35 Kirkdene Drive, Toronto, ON•Rouge E10","$2,700",3 bed,•3 bath
112,"36 Fairfield Road, Toronto, ON•Mount Pleasant East","$3,490",3 bed,•2 bath
113,"263 Hounslow Avenue, Toronto, ON•Willowdale West","$3,100",3 bed,•2 bath
114,"130 Annette Street, Toronto, ON•High Park North","$2,495",2 bed,•1 bath
115,"905-25 Stafford Street West, Toronto, ON•Niagara","$3,500",2 bed,•2 bath
116,"147 Calvery Trail, Toronto, ON•Highland Creek","$2,300",4 bed,•3 bath
117,"235 Parkview Hill Crescent, Toronto, ON•O'Connor-Parkview","$3,500",2+1 bed,•2 bath
118,"108 Brooke Avenue, Toronto, ON•Bedford Park-Nortown","$4,250",4+1 bed,•4 bath
119,"B-149 Kitchener Avenue, Toronto, ON•Caledonia-Fairbank","$2,500",2+1 bed,•1 bath
120,"BSMT-47 Knowles Drive, Toronto, ON•Rouge E11","$1,400",1 bed,•1 bath
121,"314 Jedburgh Road, Toronto, ON•Lawrence Park North","$4,500",3+1 bed,•3 bath
122,"BSMT-1 Martindale Road, Toronto, ON•Cliffcrest","$1,550",2 bed,•1 bath
123,"MAIN-25 Dallas Road, Toronto, ON•Newtonbrook West","$2,850",3 bed,•2 bath
124,"191 Woodsworth Road, Toronto, ON•St. Andrew-Windfields","$3,300",3+2 bed,•2 bath
125,"155 Oakmeadow Boulevard, Toronto, ON•Morningside","$1,300",1 bed,•1 bath
126,"BSMT-76 Captain Hall Court, Toronto, ON•Milliken","$1,500",2 bed,•1 bath
127,"LOWER-24 Citation Drive, Toronto, ON•Bayview Village","$1,900",2 bed,•1 bath
128,"96 Churchill Avenue, Toronto, ON•Willowdale West","$3,500",3 bed,•1 bath
129,"46 Struthers Street, Toronto, ON•Mimico","$2,900",2+1 bed,•2 bath
130,"BSMT-40 Sunray Crescent, Toronto, ON•Downsview-Roding-CFB","$1,200",1 bed,•1 bath
131,"MAIN/BM-151 Westbourne Avenue, Toronto, ON•Clairlea-Birchmount","$2,600",3 bed,•2 bath
132,"LOWER F-326 Connaught Avenue, Toronto, ON•Newtonbrook West","$1,700",1 bed,•1 bath
133,"28 Stamford Square, Toronto, ON•Clairlea-Birchmount","$2,700",3+1 bed,•2 bath
134,"40 Hill Crescent, Toronto, ON•Scarborough Village","$2,450",3 bed,•2 bath
135,"31 Culnan Avenue, Toronto, ON•Islington-City Centre West","$3,200",2+2 bed,•2 bath
136,"60 Melrose Avenue, Toronto, ON•Lawrence Park North","$3,250",4 bed,•2 bath
137,"224 Patricia Avenue, Toronto, ON•Newtonbrook West","$2,350",3 bed,•1 bath
138,"2-184 Franklin Avenue, Toronto, ON•Dovercourt-Wallace Emerson-Junction","$3,490",3 bed,•2 bath
139,"B-442 Gladstone Avenue, Toronto, ON•Dufferin Grove","$1,950",1 bed,•1 bath
140,"UPPER-32 Hopperton Drive, Toronto, ON•St. Andrew-Windfields","$3,600",3 bed,•2 bath
141,"LOWER-32 Hopperton Drive, Toronto, ON•St. Andrew-Windfields","$1,800",2 bed,•1 bath
142,"2 Lescon Road, Toronto, ON•Don Valley Village","$4,000",3+3 bed,•4 bath
143,"186 Parkview Avenue, Toronto, ON•Willowdale East","$3,300",3 bed,•3 bath
144,"MAIN-116 Cranbrooke Avenue, Toronto, ON•Lawrence Park North","$4,550",3+1 bed,•3 bath
145,"121 Homewood Avenue, Toronto, ON•Newtonbrook West","$2,900",3 bed,•2 bath
146,"BSMT-465 Staines Road, Toronto, ON•Rouge E11","$1,350",1 bed,•1 bath
147,"266 Kennedy Road, Toronto, ON•Birchcliffe-Cliffside",$800,1 bed,•1 bath
148,"MAIN-35 Pondsview Drive, Toronto, ON•Pleasant View","$2,500",3 bed,•1 bath
149,"266 Kennedy Road, Toronto, ON•Birchcliffe-Cliffside",$800,1 bed,•1 bath
150,"24 Rhydwen Avenue, Toronto, ON•Birchcliffe-Cliffside","$3,200",3 bed,•2 bath
151,"MAIN-35 Pondsview Drive, Toronto, ON•Pleasant View","$2,500",3 bed,•1 bath
152,"BSMT-68 Pachino Boulevard, Toronto, ON•Wexford-Maryvale","$1,600",2 bed,•1 bath
153,"MAIN-68 Pachino Boulevard, Toronto, ON•Wexford-Maryvale","$2,400",3 bed,•1 bath
154,"LOWER-12 Burleigh Heights Drive, Toronto, ON•Bayview Village","$1,500",1 bed,•1 bath
155,"477 Broadway Avenue, Toronto, ON•Leaside","$4,900",3+1 bed,•2 bath
156,"118-35 Wabash Avenue, Toronto, ON•Roncesvalles","$3,200",1+1 bed,•2 bath
157,"UPPER-203 Chartland Boulevard, Toronto, ON•Agincourt North","$2,300",3 bed,•2 bath
158,"159 Orton Park Road, Toronto, ON•Morningside","$2,250",2 bed,•1 bath
159,"10 Jeff Drive, Toronto, ON•Markland Wood","$4,900",3+1 bed,•4 bath
160,"28 Ringley Avenue, Toronto, ON•Stonegate-Queensway","$3,900",1+1 bed,•2 bath
161,"63 Fairlawn Avenue, Toronto, ON•Lawrence Park North","$1,760,000",3+1 bed,•2 bath
162,"4 Claremore Avenue, Toronto, ON•Birchcliffe-Cliffside","$2,300",2 bed,•2 bath
163,"BSMT-397 Empress Avenue, Toronto, ON•Willowdale East","$2,050",2 bed,•1 bath
164,"1-67 Boustead Avenue, Toronto, ON•High Park-Swansea","$3,000",2 bed,•1 bath
165,"21 Beaufield Avenue, Toronto, ON•Leaside","$4,550",3+1 bed,•4 bath
166,"MAIN FL-36 Lake Promenade Prom, Toronto, ON•Long Branch","$2,350",2 bed,•1 bath
167,"11 Saintfield Avenue, Toronto, ON•Bridle Path-Sunnybrook-York Mills","$5,500",4 bed,•4 bath
168,"37 Canary Crescent, Toronto, ON•Bayview Village","$3,400",3 bed,•3 bath
169,"532 Jane Street, Toronto, ON•Runnymede-Bloor West Village","$1,049,900",2 bed,•2 bath
170,"19 Pheasant Lane, Toronto, ON•Princess-Rosethorn","$6,000",3 bed,•3 bath
171,"99 Greenock Avenue, Toronto, ON•Morningside","$2,300",3 bed,•1 bath
172,"67 Kimbark Boulevard, Toronto, ON•Bedford Park-Nortown","$6,800",3+1 bed,•4 bath
173,"191 York Mills Road, Toronto, ON•Bridle Path-Sunnybrook-York Mills","$2,000",2 bed,•1 bath
174,"258 Upper Highland Crescent, Toronto, ON•St. Andrew-Windfields","$4,980",4+1 bed,•3 bath
175,"18 King George Road, Toronto, ON•Weston","$1,800",2 bed,•1 bath
176,"3RD FLR-18 Spencer Avenue, Toronto, ON•South Parkdale","$2,200",1 bed,•1 bath
177,"2ND FLR-18 Spencer Avenue, Toronto, ON•South Parkdale","$2,200",1 bed,•1 bath
178,"BSMT-18 Spencer Avenue, Toronto, ON•South Parkdale","$1,700",1+1 bed,•1 bath
179,"8 Skipperhill Crescent, Toronto, ON•Rouge E11","$2,890",4 bed,•3 bath
180,"LOWER L-33 Urbandale Avenue, Toronto, ON•Newtonbrook East","$1,600",3 bed,•1 bath
181,"UPPER L-33 Urbandale Avenue, Toronto, ON•Newtonbrook East","$3,000",3 bed,•1 bath
182,"15 Leahann Drive, Toronto, ON•Dorset Park","$3,200",3+2 bed,•3 bath
183,"342 Moore Park Avenue, Toronto, ON•Newtonbrook West","$3,000",3+3 bed,•2 bath
184,"1204 Islington Avenue, Toronto, ON•Islington-City Centre West","$5,000",3 bed,•4 bath
185,"597 Horner Avenue, Toronto, ON•Alderwood","$3,750",3 bed,•3 bath
186,"14 Cordella Avenue, Toronto, ON•Rockcliffe-Smythe","$3,500",3+2 bed,•2 bath
187,"7 Waterbury Drive, Toronto, ON•Willowridge-Martingrove-Richview","$3,450",3 bed,•2 bath
188,"1 Deanvar Avenue, Toronto, ON•Wexford-Maryvale","$2,900",3+2 bed,•2 bath
189,"58 Brentwood Road, Toronto, ON•Stonegate-Queensway","$3,495",2 bed,•2 bath
190,"428 Bedford Park Avenue, Toronto, ON•Bedford Park-Nortown","$5,000",3+1 bed,•4 bath
191,"1LOWER-924 Avenue Road, Toronto, ON•Forest Hill South","$1,695",1 bed,•1 bath
192,"118 Martingrove Road, Toronto, ON•Islington-City Centre West","$2,600",3+1 bed,•1 bath
193,"26 Bishop Street, Toronto, ON•Annex","$7,300",3 bed,•3 bath
194,"(BSMT)-428 Brimorton Drive, Toronto, ON•Woburn","$1,700",2 bed,•1 bath
195,"23 Paynter Drive, Toronto, ON•Hillcrest Village","$3,500",4+2 bed,•4 bath
196,"LOWER-187 Brooke Avenue, Toronto, ON•Bedford Park-Nortown","$1,800",1 bed,•1 bath
197,"58 Old Oak Road, Toronto, ON•Kingsway South","$3,500",3+1 bed,•2 bath
198,"BSMT-101 Martin Grove Road, Toronto, ON•Islington-City Centre West","$1,780",– bed,•1 bath
199,"UPPER-26 Moncrieff Drive, Toronto, ON•Rexdale-Kipling","$2,100",3 bed,•1 bath
200,"MAIN-91 Dearbourne Avenue, Toronto, ON•North Riverdale","$2,475",1 bed,•1 bath
201,"(BSMT)-3 Vicross Road, Toronto, ON•O'Connor-Parkview","$1,500",1 bed,•1 bath
202,"12 Esgore Drive, Toronto, ON•Bedford Park-Nortown","$4,390",4+1 bed,•3 bath
203,"LOWER-3316 Bayview Avenue, Toronto, ON•Newtonbrook East","$2,000",2 bed,•1 bath
204,"36 Mossgrove Trail, Toronto, ON•St. Andrew-Windfields","$4,300",4+2 bed,•4 bath
205,"105 Hollywood Avenue, Toronto, ON•Willowdale East","$7,200",5+2 bed,•8 bath
206,"138 Poyntz Avenue, Toronto, ON•Lansing-Westgate","$3,500",3+1 bed,•2 bath
207,"50 Wallingford Road, Toronto, ON•Parkwoods-Donalda","$3,950",3 bed,•2 bath
208,"BSMT-46 Haverson Boulevard, Toronto, ON•Keelesdale-Eglinton West","$1,500",1 bed,•1 bath
209,"31 Glen Belle Court, Toronto, ON•Yorkdale-Glen Park","$3,000",3+1 bed,•2 bath
210,"11 Glenroy Avenue, Toronto, ON•Stonegate-Queensway","$3,900",3+1 bed,•3 bath
211,"17 Tollerton Avenue, Toronto, ON•Bayview Woods-Steeles","$3,950",5+1 bed,•4 bath
212,"(MAIN)-72 Dunstall Crescent, Toronto, ON•West Hill","$2,400",3 bed,•2 bath
213,"85 Bernice Crescent, Toronto, ON•Rockcliffe-Smythe","$2,650",3 bed,•2 bath
214,"254 Glenview Avenue, Toronto, ON•Lawrence Park South","$5,900",4 bed,•3 bath
215,"54 Mitcham Drive, Toronto, ON•Alderwood","$1,100,000",2+2 bed,•2 bath
216,"78 Felbrigg Avenue, Toronto, ON•Bedford Park-Nortown","$6,750",4+1 bed,•4 bath
217,"365 Harvie Avenue, Toronto, ON•Caledonia-Fairbank","$3,750",3 bed,•3 bath
218,"MAIN-24 Verwood Avenue, Toronto, ON•Clanton Park","$2,500",3 bed,•1 bath
219,"37 Marina Avenue, Toronto, ON•Long Branch","$3,200",3 bed,•2 bath
220,"UNIT 3-2 Fort Rouille Street, Toronto, ON•South Parkdale","$1,350",2 bed,•1 bath
221,"37 Winners Circle, Toronto, ON•The Beaches","$7,500",3+1 bed,•4 bath
222,"83 Lankin Boulevard, Toronto, ON•East York","$3,600",4 bed,•3 bath
223,"UPPER-20 Lyndale Drive, Toronto, ON•Willowdale East","$3,200",4 bed,•3 bath
224,"443 Heath Street, Toronto, ON•Rosedale-Moore Park","$5,950",4 bed,•3 bath
225,"BSMT-6 Latham Avenue, Toronto, ON•Birchcliffe-Cliffside","$1,800",2 bed,•2 bath
226,"UPPER-6 Latham Avenue, Toronto, ON•Birchcliffe-Cliffside","$2,500",3 bed,•1 bath
227,"107 Botany Hill Road, Toronto, ON•Morningside","$2,550",3 bed,•3 bath
228,"BSMT-43 Redbud Crescent, Toronto, ON•Agincourt South-Malvern West","$1,400",2 bed,•1 bath
229,"29 Dewbourne Avenue, Toronto, ON•Forest Hill South",$950,4+1 bed,•4 bath
230,"MSTR BR-43 Redbud Crescent, Toronto, ON•Agincourt South-Malvern West","$1,380",1 bed,•1 bath
231,"APT 2-2 Bryce Avenue, Toronto, ON•Yonge-St. Clair","$4,200",3 bed,•2 bath
232,"MAIN FL-33 Glenburn Avenue, Toronto, ON•O'Connor-Parkview","$2,150",2 bed,•1 bath
233,"113 Atlee Avenue, Toronto, ON•Birchcliffe-Cliffside","$2,400",3 bed,•1 bath
234,"92 Botfield Avenue, Toronto, ON•Islington-City Centre West","$2,600",3 bed,•1 bath
235,"UPPER-25 Alice Crescent, Toronto, ON•Wexford-Maryvale","$2,450",3 bed,•1 bath
236,"431 Woburn Avenue, Toronto, ON•Bedford Park-Nortown","$3,500",2+1 bed,•2 bath
237,"A-40 Rosedale Road, Toronto, ON•Rosedale-Moore Park","$3,500",1 bed,•2 bath
238,"10 Citation Drive, Toronto, ON•Bayview Village","$3,880,000",5+1 bed,•7 bath
239,"32 Allview Crescent, Toronto, ON•Bayview Village","$3,300",3+2 bed,•2 bath
240,"300 Cosburn Avenue, Toronto, ON•East York","$4,500",3 bed,•4 bath
241,"35 Duart Park Road, Toronto, ON•The Beaches","$2,600",1 bed,•1 bath
242,"LOWER-47 Hadrian Drive, Toronto, ON•Elms-Old Rexdale","$1,300",1 bed,•1 bath
243,"26 Riverview Gardens, Toronto, ON•Lambton Baby Point","$4,300",3 bed,•2 bath
244,"15 Eltham Drive, Toronto, ON•Alderwood","$2,700",3 bed,•2 bath
245,"20 Heavitree Drive, Toronto, ON•Downsview-Roding-CFB","$2,400",3 bed,•1 bath
246,"141 Gordon Road, Toronto, ON•St. Andrew-Windfields","$11,000",5+1 bed,•6 bath
247,"27 Dalton Road, Toronto, ON•Annex","$2,999,900",– bed,•– bath
248,"701 Conacher Drive, Toronto, ON•Newtonbrook East","$3,880",4+1 bed,•4 bath
249,"231 Cranbrooke Avenue, Toronto, ON•Lawrence Park North","$4,500",3 bed,•3 bath
250,"2-75 Keele Street, Toronto, ON•High Park North","$2,500",2 bed,•1 bath
251,"7 Van Dusen Boulevard, Toronto, ON•Stonegate-Queensway","$2,900",2+1 bed,•2 bath
252,"23 Briarbluff (bsmt) Avenue, Toronto, ON•West Hill","$1,700",2 bed,•1 bath
253,"GROUND-45 Hayward Crescent, Toronto, ON•Agincourt South-Malvern West","$1,500",2 bed,•2 bath
254,"MAIN-208 Mortimer Avenue, Toronto, ON•Broadview North","$2,950",3 bed,•2 bath
255,"42 Hendon Avenue, Toronto, ON•Newtonbrook West","$3,550",3 bed,•3 bath
256,"125 Prescott (main/bsmt) Avenue, Toronto, ON•Weston-Pellam Park","$2,200",3 bed,•1 bath
257,"47 Satok Terrace, Toronto, ON•West Hill","$2,875",3 bed,•2 bath
258,"2426 Gerrard Street, Toronto, ON•The Beaches","$3,300",2+1 bed,•2 bath
259,"11 Moran Road, Toronto, ON•Agincourt South-Malvern West","$2,300",3 bed,•2 bath
260,"ROOM-23 Black Creek Boulevard, Toronto, ON•Rockcliffe-Smythe",$700,1 bed,•1 bath
261,"BSMT-40 Seminole Avenue, Toronto, ON•Bendale","$1,595",2 bed,•1 bath
262,"127 Sylvan Avenue, Toronto, ON•Guildwood","$4,000",3+1 bed,•3 bath
263,"UPPER-14 Prestwick Crescent, Toronto, ON•Hillcrest Village","$2,700",3 bed,•2 bath
264,"LOWER-292 Cummer Avenue, Toronto, ON•Newtonbrook East","$2,300",3 bed,•2 bath
265,"51 Aspendale Drive, Toronto, ON•Bendale","$3,200",3+2 bed,•3 bath
266,"LOWER-269 St Clements Avenue, Toronto, ON•Yonge-Eglinton","$1,500",– bed,•1 bath
267,"MAIN-48 Sloane Avenue, Toronto, ON•Victoria Village","$2,300",3 bed,•1 bath
268,"71 Hullen Crescent, Toronto, ON•West Humber-Clairville","$3,500",4 bed,•3 bath
269,"98 Citation Drive, Toronto, ON•Bayview Village","$3,900",3 bed,•3 bath
270,"9 Craigmore Crescent, Toronto, ON•Willowdale East","$2,700",3 bed,•2 bath
271,"78 Lawrence Avenue, Toronto, ON•Lawrence Park North","$2,500",2 bed,•1 bath
272,"42 Cadillac Wholehouse Avenue, Toronto, ON•Clanton Park","$3,200",3+2 bed,•2 bath
273,"LOWER-29 Sealstone Terrace, Toronto, ON•Morningside","$1,490",1 bed,•1 bath
274,"373 Broadway Avenue, Toronto, ON•Mount Pleasant East","$2,950",3 bed,•1 bath
275,"MAIN-29 Sealstone Terrace, Toronto, ON•Morningside","$2,450",3 bed,•2 bath
276,"533 Rushton Road, Toronto, ON•Humewood-Cedarvale","$2,650",2+1 bed,•1 bath
277,"1263 Warden (basement) Avenue, Toronto, ON•Wexford-Maryvale","$1,500",2 bed,•1 bath
278,"143 Treeview Drive, Toronto, ON•Alderwood","$3,250",3+1 bed,•2 bath
279,"595 Conacher Drive, Toronto, ON•Newtonbrook East","$1,750",3 bed,•1 bath
280,"552 Bellamy Road, Toronto, ON•Woburn","$1,900",2 bed,•1 bath
281,"3-17 Grafton Avenue, Toronto, ON•Roncesvalles","$2,700",2 bed,•1 bath
282,"BSMT-41 Megan Avenue, Toronto, ON•West Hill","$1,250",1 bed,•1 bath
283,"45 Bartel Drive, Toronto, ON•Glenfield-Jane Heights","$1,800",3 bed,•1 bath
284,"2-35 Fifteenth Street, Toronto, ON•New Toronto","$2,200",2 bed,•1 bath
285,"39 Stansbury Crescent, Toronto, ON•Eglinton East","$2,200",3 bed,•1 bath
286,"12 Monarchwood Crescent, Toronto, ON•Parkwoods-Donalda","$4,500",4 bed,•4 bath
287,"ROOM #2-16 Culnan Avenue, Toronto, ON•Islington-City Centre West",$900,4 bed,•1 bath
288,"10 Beaver Bend Crescent, Toronto, ON•Eringate-Centennial-West Deane","$3,200",3+2 bed,•2 bath
289,"1284 Pharmacy Avenue, Toronto, ON•Wexford-Maryvale","$1,450",1+1 bed,•1 bath
290,"48 Wilkinson Drive, Toronto, ON•Pleasant View","$3,000",3+1 bed,•4 bath
291,"2ND FLR-53 Burlingame Road, Toronto, ON•Alderwood","$2,150",2 bed,•1 bath
292,"16 Gatehead Road, Toronto, ON•Bayview Village","$3,800",3+1 bed,•3 bath
293,"MAIN FL-53 Burlingame Road, Toronto, ON•Alderwood","$2,150",2 bed,•2 bath
294,"BSMT-256 Senlac Road, Toronto, ON•Willowdale West","$1,750",2 bed,•1 bath
295,"101 Parkview Avenue, Toronto, ON•Willowdale East","$3,700",4 bed,•3 bath
296,"BASEMNT-306 Mcroberts Avenue, Toronto, ON•Caledonia-Fairbank","$1,600",1 bed,•1 bath
297,"41 Northern Dancer Boulevard, Toronto, ON•The Beaches","$6,750",4 bed,•4 bath
298,"11-230 South Kingsway Avenue, Toronto, ON•High Park-Swansea","$2,450",2+1 bed,•1 bath
299,"BSMT-62 Alicewood (basement) Court, Toronto, ON•West Humber-Clairville","$1,650",3 bed,•1 bath
300,"19 Versend Drive, Toronto, ON•Parkwoods-Donalda","$3,500",3+1 bed,•3 bath
301,"BSMT B-128 Bannockburn Avenue, Toronto, ON•Bedford Park-Nortown","$1,500",1 bed,•1 bath
302,"BSMT A-128 Bannockburn Avenue, Toronto, ON•Bedford Park-Nortown","$1,600",1 bed,•1 bath
303,"18 Resolution Crescent, Toronto, ON•Hillcrest Village","$2,700",3+2 bed,•2 bath
304,"MAIN FL-250 Homewood Avenue, Toronto, ON•Newtonbrook West","$2,950",3 bed,•2 bath
305,"648 Oriole Parkway, Toronto, ON•Yonge-Eglinton","$3,950",3 bed,•2 bath
306,"91 Spring Forest Square, Toronto, ON•Agincourt South-Malvern West","$2,800",3 bed,•4 bath
307,"73 Montressor Drive, Toronto, ON•St. Andrew-Windfields","$4,100",3+2 bed,•3 bath
308,"55 Mulholland Avenue, Toronto, ON•Yorkdale-Glen Park","$2,800",3 bed,•1 bath
309,"287 Humberside Avenue, Toronto, ON•High Park North","$6,000",4 bed,•4 bath
310,"BSMT-75 Wickson Trail, Toronto, ON•Malvern","$1,650",1 bed,•1 bath
311,"67 Pembroke Street, Toronto, ON•Moss Park","$7,800",6 bed,•3 bath
312,"78 Pleasant View Drive, Toronto, ON•Pleasant View","$2,280",2 bed,•1 bath
313,"103 Douglas Avenue, Toronto, ON•Bedford Park-Nortown","$3,495",3 bed,•1 bath
314,"15 Patricia Avenue, Toronto, ON•Newtonbrook West","$2,900/mo",Professional Office,•1612 sqft
315,"UPPER-46 Tewsley Place, Toronto, ON•Willowridge-Martingrove-Richview","$2,600",3 bed,•1 bath
316,"35 Holmcrest Trail, Toronto, ON•Centennial Scarborough","$3,000",4 bed,•2 bath
317,"30 Goulding Avenue, Toronto, ON•Newtonbrook West","$3,100",3+1 bed,•2 bath
318,"5 Doerr Lower Road, Toronto, ON•Bendale","$2,000",3 bed,•1 bath
319,"2-165 Steeles Avenue, Toronto, ON•Newtonbrook East","$2,000",2 bed,•1 bath
320,"62 Chatsworth Drive, Toronto, ON•Lawrence Park South","$2,398,000",3 bed,•3 bath
321,"MAIN-6 Nero Court, Toronto, ON•Eglinton East","$2,400",3 bed,•2 bath
322,"11 Muirkirk Road, Toronto, ON•Willowdale West","$3,300",2+3 bed,•3 bath
323,"2 Sonata Crescent, Toronto, ON•Banbury-Don Mills","$4,600",4+2 bed,•4 bath
324,"29 Roseland Drive, Toronto, ON•Alderwood","$3,500",4 bed,•2 bath
325,"LOWER-24 Montana Avenue, Toronto, ON•Downsview-Roding-CFB","$1,950",1 bed,•1 bath
326,"UPPER-24 Montana Avenue, Toronto, ON•Downsview-Roding-CFB","$4,500",4 bed,•4 bath
327,"78 Bridlewood Boulevard, Toronto, ON•Tam O'Shanter-Sullivan","$2,200",2 bed,•1 bath
328,"221 Island Road, Toronto, ON•Rouge E10","$2,800",3 bed,•2 bath
329,"1-244 Woodbine Avenue, Toronto, ON•The Beaches","$3,295",3+1 bed,•2 bath
330,"2-92 Roxborough Street, Toronto, ON•Annex","$3,350",2 bed,•2 bath
331,"2-3397 Lake Shore Boulevard, Toronto, ON•Long Branch","$1,500",1+1 bed,•1 bath
332,"30 Castlegrove Boulevard, Toronto, ON•Parkwoods-Donalda","$2,000",2 bed,•2 bath
333,"BSMT-78 Shepton Way, Toronto, ON•Steeles","$1,650",2 bed,•1 bath
334,"MAIN FL-2 Lescon Road, Toronto, ON•Don Valley Village","$2,500",3 bed,•2 bath
335,"LOWER-85 Royal York Road, Toronto, ON•Mimico","$1,700",1 bed,•1 bath
336,"43 Hamptonbrook Drive, Toronto, ON•Willowridge-Martingrove-Richview","$3,500",3 bed,•2 bath
337,"LOWER-50 Plewes Road, Toronto, ON•Downsview-Roding-CFB","$2,600",3 bed,•2 bath
338,"50 Plewes Road, Toronto, ON•Downsview-Roding-CFB","$3,100",3 bed,•2 bath
339,"91 Comay Road, Toronto, ON•Brookhaven-Amesbury","$4,500",4+2 bed,•4 bath
340,"68 O'hara Avenue, Toronto, ON•Roncesvalles","$3,250",2+2 bed,•1 bath
341,"BSMT-203 Chartland Boulevard, Toronto, ON•Agincourt North","$1,700",4 bed,•2 bath
342,"21 Burncrest Drive, Toronto, ON•Bedford Park-Nortown","$2,500",2 bed,•1 bath
343,"67 Parkview Hill Crescent, Toronto, ON•O'Connor-Parkview","$5,000",5 bed,•5 bath
344,"6 Greenyards Drive, Toronto, ON•Newtonbrook East","$3,200",4+1 bed,•2 bath
345,"MAIN FL-49 Galloway Road, Toronto, ON•Guildwood","$2,400",3 bed,•1 bath
346,"10 Amulet Street, Toronto, ON•Tam O'Shanter-Sullivan","$2,300",4 bed,•2 bath
347,"(BSMT)-6 Merryfield Drive, Toronto, ON•Dorset Park","$1,390",1 bed,•1 bath
348,"48 Chelford Road, Toronto, ON•Banbury-Don Mills","$3,790,000",5+2 bed,•6 bath
349,"BSMT-5 Mcclure Crescent, Toronto, ON•Malvern","$1,500",2 bed,•1 bath
350,"(BACK)-149 Finch Avenue, Toronto, ON•Willowdale West","$2,500",4 bed,•1 bath
351,"71 Rowanwood Avenue, Toronto, ON•Rosedale-Moore Park","$15,000",5 bed,•5 bath
352,"344 Patricia Avenue, Toronto, ON•Newtonbrook West","$2,800",3+1 bed,•2 bath
353,"4TH BDR-2 Grittani Lane, Toronto, ON•Agincourt South-Malvern West","$1,000",1 bed,•1 bath
354,"16 Warlock Crescent, Toronto, ON•Bayview Woods-Steeles","$3,500",4+1 bed,•4 bath
355,"344 Brooke Avenue, Toronto, ON•Bedford Park-Nortown","$5,500",4+1 bed,•4 bath
356,"140 Scarborough Road, Toronto, ON•The Beaches","$3,900",3 bed,•2 bath
357,"48 Chipwood Crescent, Toronto, ON•Pleasant View","$3,300",4 bed,•4 bath
358,"BASEMNT-977 Dupont Street, Toronto, ON•Dovercourt-Wallace Emerson-Junction","$1,650",1 bed,•1 bath
359,"89 Deloraine Avenue, Toronto, ON•Lawrence Park North","$3,600",3 bed,•2 bath
360,"60 Glanvil (main) Crescent, Toronto, ON•Malvern","$2,150",3 bed,•2 bath
361,"29 Hawkedon Crescent, Toronto, ON•West Humber-Clairville",$650,1 bed,•1 bath
362,"284 Harvie Avenue, Toronto, ON•Corso Italia-Davenport","$4,500",3 bed,•2 bath
363,"1274 Military Trail, Toronto, ON•Highland Creek","$2,500",3+3 bed,•3 bath
364,"BSMT-158 Coxwell Avenue, Toronto, ON•Greenwood-Coxwell","$1,495",1 bed,•1 bath
365,"B-76 Barrington Avenue, Toronto, ON•Crescent Town","$1,600",2 bed,•1 bath
366,"(BSMT)-67 Broadlands Boulevard, Toronto, ON•Parkwoods-Donalda","$1,800",3 bed,•1 bath
367,"483 Soudan Avenue, Toronto, ON•Mount Pleasant East","$3,650",3 bed,•2 bath
368,"46 Robinglade Drive, Toronto, ON•Eringate-Centennial-West Deane","$1,400",1 bed,•1 bath
369,"MAIN-144 Allanford Road, Toronto, ON•Tam O'Shanter-Sullivan","$2,250",3+2 bed,•1 bath
370,"2 Shamrock Avenue, Toronto, ON•Long Branch","$2,650",2 bed,•2 bath
371,"15 Renault Crescent, Toronto, ON•Humber Heights","$3,500",3 bed,•2 bath
372,"56 Foursome Crescent, Toronto, ON•St. Andrew-Windfields","$4,500",4+1 bed,•4 bath
373,"399 Pape Avenue, Toronto, ON•Blake-Jones","$4,000",4 bed,•3 bath
374,"316 Jedburgh Road, Toronto, ON•Lawrence Park North","$3,500",3 bed,•2 bath
375,"32 Belgravia Avenue, Toronto, ON•Briar Hill-Belgravia","$3,500",2+1 bed,•2 bath
376,"169 Highgate Avenue, Toronto, ON•Willowdale East","$1,999,900",3+1 bed,•3 bath
377,"4248 Lawrence Avenue, Toronto, ON•West Hill","$3,000",3+4 bed,•2 bath
378,"LOWER-220 Willowdale Avenue, Toronto, ON•Willowdale East","$1,800",1 bed,•1 bath
379,"2-12 Beaton Avenue, Toronto, ON•East End-Danforth","$2,800",2 bed,•2 bath
380,"459 Main Street, Toronto, ON•Woodbine-Lumsden","$4,400",4 bed,•4 bath
381,"9 Stonehenge Crescent, Toronto, ON•Woburn","$3,000",3+2 bed,•2 bath
382,"23 Hogan Drive, Toronto, ON•Woburn","$2,300",3+2 bed,•2 bath
383,"131 Stibbard Avenue, Toronto, ON•Mount Pleasant East","$3,600",3 bed,•2 bath
384,"MAIN-151 Wallace Avenue, Toronto, ON•Dovercourt-Wallace Emerson-Junction","$2,975",2 bed,•1 bath
385,"21 Artinger Court, Toronto, ON•Banbury-Don Mills","$4,000",3+2 bed,•2 bath
386,"16 Pineway Boulevard, Toronto, ON•Bayview Woods-Steeles","$3,800",4 bed,•4 bath
387,"9 Austin Crescent, Toronto, ON•Casa Loma","$6,800",3+1 bed,•3 bath
388,"28 Meldazy Drive, Toronto, ON•Bendale","$2,499",3 bed,•1 bath
389,"UPPER-60 Acton Avenue, Toronto, ON•Bathurst Manor","$2,800",3 bed,•1 bath
390,"2 Kingland Crescent, Toronto, ON•Don Valley Village","$3,450",5 bed,•3 bath
391,"29 Brewton Road, Toronto, ON•Woburn","$2,200",3 bed,•1 bath
392,"61 Ridge Point Crescent, Toronto, ON•Brookhaven-Amesbury","$1,999,888",4+2 bed,•7 bath
393,"123 Torrens Avenue, Toronto, ON•East York","$2,500",3 bed,•1 bath
